-- phpMyAdmin SQL Dump
-- version 5.2.1
-- https://www.phpmyadmin.net/
--
-- Servidor: 127.0.0.1
-- Tiempo de generación: 06-10-2023 a las 02:17:33
-- Versión del servidor: 10.4.28-MariaDB
-- Versión de PHP: 8.1.17

SET SQL_MODE = "NO_AUTO_VALUE_ON_ZERO";
START TRANSACTION;
SET time_zone = "+00:00";


/*!40101 SET @OLD_CHARACTER_SET_CLIENT=@@CHARACTER_SET_CLIENT */;
/*!40101 SET @OLD_CHARACTER_SET_RESULTS=@@CHARACTER_SET_RESULTS */;
/*!40101 SET @OLD_COLLATION_CONNECTION=@@COLLATION_CONNECTION */;
/*!40101 SET NAMES utf8mb4 */;

--
-- Base de datos: `universidad`
--

-- --------------------------------------------------------

--
-- Estructura de tabla para la tabla `alumno`
--

CREATE TABLE `alumno` (
  `idAlumno` int(11) NOT NULL,
  `dni` int(11) NOT NULL,
  `apellido` varchar(100) NOT NULL,
  `nombre` varchar(100) NOT NULL,
  `fechaDeNacimiento` date NOT NULL,
  `estado` tinyint(1) NOT NULL
) ENGINE=InnoDB DEFAULT CHARSET=utf8mb4 COLLATE=utf8mb4_general_ci;

--
-- Volcado de datos para la tabla `alumno`
--

INSERT INTO `alumno` (`idAlumno`, `dni`, `apellido`, `nombre`, `fechaDeNacimiento`, `estado`) VALUES
(1, 45983444, 'Quiroga', 'Jose', '2004-10-05', 1),
(2, 42983444, 'Del Castillo', 'Rosa', '2002-03-20', 1),
(3, 41570334, 'Akerman', 'Lucia', '2001-09-15', 1);

-- --------------------------------------------------------

--
-- Estructura de tabla para la tabla `inscripcion`
--

CREATE TABLE `inscripcion` (
  `idInscripto` int(11) NOT NULL,
  `nota` int(11) NOT NULL,
  `idAlumno` int(11) NOT NULL,
  `idMateria` int(11) NOT NULL
) ENGINE=InnoDB DEFAULT CHARSET=utf8mb4 COLLATE=utf8mb4_general_ci;

--
-- Volcado de datos para la tabla `inscripcion`
--

INSERT INTO `inscripcion` (`idInscripto`, `nota`, `idAlumno`, `idMateria`) VALUES
(1, 9, 1, 1),
(2, 4, 1, 2),
(3, 3, 2, 3),
(4, 5, 2, 4),
(5, 7, 3, 2),
(6, 10, 3, 3);

-- --------------------------------------------------------

--
-- Estructura de tabla para la tabla `materia`
--

CREATE TABLE `materia` (
  `idMateria` int(11) NOT NULL,
  `nombre` varchar(100) NOT NULL,
  `anio` int(11) NOT NULL,
  `estado` tinyint(1) NOT NULL
) ENGINE=InnoDB DEFAULT CHARSET=utf8mb4 COLLATE=utf8mb4_general_ci;

--
-- Volcado de datos para la tabla `materia`
--

INSERT INTO `materia` (`idMateria`, `nombre`, `anio`, `estado`) VALUES
(1, 'Matematica', 1, 1),
(2, 'Ingles', 3, 1),
(3, 'Literatura', 2, 1),
(4, 'Laboratorio 1', 1, 1);

--
-- Índices para tablas volcadas
--

--
-- Indices de la tabla `alumno`
--
ALTER TABLE `alumno`
  ADD PRIMARY KEY (`idAlumno`),
  ADD UNIQUE KEY `dni` (`dni`);

--
-- Indices de la tabla `inscripcion`
--
ALTER TABLE `inscripcion`
  ADD PRIMARY KEY (`idInscripto`),
  ADD UNIQUE KEY `idAlumno` (`idAlumno`,`idMateria`),
  ADD KEY `idMateria` (`idMateria`);

--
-- Indices de la tabla `materia`
--
ALTER TABLE `materia`
  ADD PRIMARY KEY (`idMateria`),
  ADD UNIQUE KEY `nombre` (`nombre`);

--
-- AUTO_INCREMENT de las tablas volcadas
--

--
-- AUTO_INCREMENT de la tabla `alumno`
--
ALTER TABLE `alumno`
  MODIFY `idAlumno` int(11) NOT NULL AUTO_INCREMENT, AUTO_INCREMENT=4;

--
-- AUTO_INCREMENT de la tabla `inscripcion`
--
ALTER TABLE `inscripcion`
  MODIFY `idInscripto` int(11) NOT NULL AUTO_INCREMENT, AUTO_INCREMENT=7;

--
-- AUTO_INCREMENT de la tabla `materia`
--
ALTER TABLE `materia`
  MODIFY `idMateria` int(11) NOT NULL AUTO_INCREMENT, AUTO_INCREMENT=5;

--
-- Restricciones para tablas volcadas
--

--
-- Filtros para la tabla `inscripcion`
--
ALTER TABLE `inscripcion`
  ADD CONSTRAINT `inscripcion_ibfk_1` FOREIGN KEY (`idAlumno`) REFERENCES `alumno` (`idAlumno`),
  ADD CONSTRAINT `inscripcion_ibfk_2` FOREIGN KEY (`idMateria`) REFERENCES `materia` (`idMateria`);
COMMIT;

/*!40101 SET CHARACTER_SET_CLIENT=@OLD_CHARACTER_SET_CLIENT */;
/*!40101 SET CHARACTER_SET_RESULTS=@OLD_CHARACTER_SET_RESULTS */;
/*!40101 SET COLLATION_CONNECTION=@OLD_COLLATION_CONNECTION */;
